title,price,rating,color,size,gender,timestamp
T-shirt 2,163440000.0,3.95,3,M,Women,2025-05-14 17:32:24
Hoodie 3,795008000.0,4.85,3,L,Unisex,2025-05-14 17:32:24
Pants 4,747696000.0,3.35,3,XL,Men,2025-05-14 17:32:24
Outerwear 5,514544000.0,3.55,3,XXL,Women,2025-05-14 17:32:24
Jacket 6,245392000.0,3.35,3,S,Unisex,2025-05-14 17:32:24
Crewneck 7,689200000.0,4.35,3,M,Men,2025-05-14 17:32:24
T-shirt 8,780256000.0,3.15,3,L,Women,2025-05-14 17:32:24
Hoodie 9,397216000.0,3.25,3,XL,Unisex,2025-05-14 17:32:24
Pants 10,310016000.0,4.25,3,XXL,Men,2025-05-14 17:32:24
Jacket 12,852784000.0,3.95,3,M,Unisex,2025-05-14 17:32:24
Crewneck 13,544720000.0,3.25,3,L,Men,2025-05-14 17:32:24
T-shirt 14,324880000.0,3.85,3,XL,Women,2025-05-14 17:32:24
Hoodie 15,218416000.0,3.65,3,XXL,Unisex,2025-05-14 17:32:24
Outerwear 17,84160000.0,3.85,3,M,Women,2025-05-14 17:32:24
Jacket 18,550000000.0,3.85,3,L,Unisex,2025-05-14 17:32:24
Crewneck 19,130896000.0,3.65,3,XL,Men,2025-05-14 17:32:24
T-shirt 20,132560000.0,3.45,3,XXL,Women,2025-05-14 17:32:24
Pants 22,431968000.0,4.95,3,M,Men,2025-05-14 17:32:24
Outerwear 23,465584000.0,3.75,3,L,Women,2025-05-14 17:32:24
Jacket 24,822352000.0,3.95,3,XL,Unisex,2025-05-14 17:32:24
Crewneck 25,832256000.0,3.35,3,XXL,Men,2025-05-14 17:32:24
T-shirt 26,729232000.0,4.65,3,S,Women,2025-05-14 17:32:24
Hoodie 27,355184000.0,4.85,3,M,Unisex,2025-05-14 17:32:24
Pants 28,521616000.0,4.05,3,L,Men,2025-05-14 17:32:24
Outerwear 29,86160000.0,3.15,3,XL,Women,2025-05-14 17:32:24
Jacket 30,861024000.0,3.75,3,XXL,Unisex,2025-05-14 17:32:24
T-shirt 32,665792000.0,3.45,3,M,Women,2025-05-14 17:32:24
Hoodie 33,724816000.0,3.55,3,L,Unisex,2025-05-14 17:32:24
Pants 34,836272000.0,3.85,3,XL,Men,2025-05-14 17:32:24
Outerwear 35,135616000.0,3.85,3,XXL,Women,2025-05-14 17:32:24
Jacket 36,724928000.0,3.75,3,S,Unisex,2025-05-14 17:32:24
Crewneck 37,600608000.0,4.05,3,M,Men,2025-05-14 17:32:24
T-shirt 38,486608000.0,3.25,3,L,Women,2025-05-14 17:32:24
Hoodie 39,643120000.0,4.65,3,XL,Unisex,2025-05-14 17:32:24
Pants 40,585360000.0,3.15,3,XXL,Men,2025-05-14 17:32:24
Jacket 42,674416000.0,3.75,3,M,Unisex,2025-05-14 17:32:24
Crewneck 43,290960000.0,4.55,3,L,Men,2025-05-14 17:32:24
T-shirt 44,331232000.0,3.05,3,XL,Women,2025-05-14 17:32:24
Hoodie 45,869312000.0,4.55,3,XXL,Unisex,2025-05-14 17:32:24
Outerwear 47,636464000.0,3.25,3,M,Women,2025-05-14 17:32:24
Jacket 48,499472000.0,3.45,3,L,Unisex,2025-05-14 17:32:24
Crewneck 49,107120000.0,4.05,3,XL,Men,2025-05-14 17:32:24
T-shirt 50,593296000.0,3.15,3,XXL,Women,2025-05-14 17:32:24
Pants 52,159648000.0,4.05,3,M,Men,2025-05-14 17:32:24
Outerwear 53,447088000.0,4.35,3,L,Women,2025-05-14 17:32:24
Jacket 54,85456000.0,4.25,3,XL,Unisex,2025-05-14 17:32:24
Crewneck 55,179376000.0,3.65,3,XXL,Men,2025-05-14 17:32:24
T-shirt 56,464304000.0,3.85,3,S,Women,2025-05-14 17:32:24
Hoodie 57,315536000.0,4.95,3,M,Unisex,2025-05-14 17:32:24
Pants 58,163776000.0,4.45,3,L,Men,2025-05-14 17:32:24
Outerwear 59,225424000.0,4.65,3,XL,Women,2025-05-14 17:32:24
Jacket 60,337552000.0,4.25,3,XXL,Unisex,2025-05-14 17:32:24
T-shirt 62,137648000.0,3.85,3,M,Women,2025-05-14 17:32:24
Hoodie 63,647920000.0,3.65,3,L,Unisex,2025-05-14 17:32:24
Pants 64,772848000.0,4.05,3,XL,Men,2025-05-14 17:32:24
Outerwear 65,238592000.0,4.15,3,XXL,Women,2025-05-14 17:32:24
Jacket 66,435312000.0,3.55,3,S,Unisex,2025-05-14 17:32:24
Crewneck 67,847072000.0,3.55,3,M,Men,2025-05-14 17:32:24
T-shirt 68,802528000.0,4.05,3,L,Women,2025-05-14 17:32:24
Hoodie 69,102784000.0,3.65,3,XL,Unisex,2025-05-14 17:32:24
Pants 70,117136000.0,4.45,3,XXL,Men,2025-05-14 17:32:24
Jacket 72,377600000.0,4.45,3,M,Unisex,2025-05-14 17:32:24
Crewneck 73,246032000.0,3.05,3,L,Men,2025-05-14 17:32:24
T-shirt 74,770480000.0,3.85,3,XL,Women,2025-05-14 17:32:24
Hoodie 75,210176000.0,4.35,3,XXL,Unisex,2025-05-14 17:32:24
Outerwear 77,86176000.0,3.75,3,M,Women,2025-05-14 17:32:24
Jacket 78,271648000.0,4.35,3,L,Unisex,2025-05-14 17:32:24
Crewneck 79,330960000.0,4.65,3,XL,Men,2025-05-14 17:32:24
T-shirt 80,417840000.0,4.55,3,XXL,Women,2025-05-14 17:32:24
Pants 82,831552000.0,4.85,3,M,Men,2025-05-14 17:32:24
Outerwear 83,394784000.0,3.75,3,L,Women,2025-05-14 17:32:24
Jacket 84,282608000.0,4.85,3,XL,Unisex,2025-05-14 17:32:24
Crewneck 85,456416000.0,3.55,3,XXL,Men,2025-05-14 17:32:24
T-shirt 86,167088000.0,3.95,3,S,Women,2025-05-14 17:32:24
Hoodie 87,787024000.0,4.35,3,M,Unisex,2025-05-14 17:32:24
Pants 88,759040000.0,3.15,3,L,Men,2025-05-14 17:32:24
Outerwear 89,485632000.0,3.05,3,XL,Women,2025-05-14 17:32:24
Jacket 90,716000000.0,4.05,3,XXL,Unisex,2025-05-14 17:32:24
T-shirt 92,501232000.0,3.55,3,M,Women,2025-05-14 17:32:24
Hoodie 93,136528000.0,3.65,3,L,Unisex,2025-05-14 17:32:24
Pants 94,107488000.0,4.35,3,XL,Men,2025-05-14 17:32:24
Outerwear 95,606224000.0,3.55,3,XXL,Women,2025-05-14 17:32:24
Jacket 96,459824000.0,4.95,3,S,Unisex,2025-05-14 17:32:24
Crewneck 97,611312000.0,3.95,3,M,Men,2025-05-14 17:32:24
T-shirt 98,859696000.0,3.15,3,L,Women,2025-05-14 17:32:24
Hoodie 99,502800000.0,3.65,3,XL,Unisex,2025-05-14 17:32:24
Pants 100,221728000.0,4.65,3,XXL,Men,2025-05-14 17:32:24
Jacket 102,384064000.0,3.35,3,M,Unisex,2025-05-14 17:32:24
Crewneck 103,233168000.0,3.55,3,L,Men,2025-05-14 17:32:24
T-shirt 104,237440000.0,3.85,3,XL,Women,2025-05-14 17:32:24
Hoodie 105,501984000.0,4.25,3,XXL,Unisex,2025-05-14 17:32:24
Outerwear 107,662512000.0,4.05,3,M,Women,2025-05-14 17:32:24
Jacket 108,555168000.0,4.85,3,L,Unisex,2025-05-14 17:32:24
Crewneck 109,588688000.0,3.35,3,XL,Men,2025-05-14 17:32:24
T-shirt 110,719712000.0,4.65,3,XXL,Women,2025-05-14 17:32:24
Pants 112,426192000.0,3.35,3,M,Men,2025-05-14 17:32:24
Outerwear 113,447200000.0,3.75,3,L,Women,2025-05-14 17:32:24
Jacket 114,538656000.0,4.95,3,XL,Unisex,2025-05-14 17:32:24
Crewneck 115,193328000.0,4.55,3,XXL,Men,2025-05-14 17:32:24
T-shirt 116,347456000.0,3.05,3,S,Women,2025-05-14 17:32:24
Hoodie 117,337632000.0,5.05,3,M,Unisex,2025-05-14 17:32:24
Pants 118,558544000.0,3.25,3,L,Men,2025-05-14 17:32:24
Outerwear 119,356176000.0,3.45,3,XL,Women,2025-05-14 17:32:24
Jacket 120,748032000.0,4.05,3,XXL,Unisex,2025-05-14 17:32:24
T-shirt 122,196192000.0,3.65,3,M,Women,2025-05-14 17:32:24
Hoodie 123,449808000.0,3.85,3,L,Unisex,2025-05-14 17:32:24
Pants 124,702352000.0,3.25,3,XL,Men,2025-05-14 17:32:24
Outerwear 125,699824000.0,4.25,3,XXL,Women,2025-05-14 17:32:24
Jacket 126,442608000.0,3.95,3,S,Unisex,2025-05-14 17:32:24
Crewneck 127,831168000.0,4.05,3,M,Men,2025-05-14 17:32:24
T-shirt 128,446672000.0,3.85,3,L,Women,2025-05-14 17:32:24
Hoodie 129,253248000.0,4.55,3,XL,Unisex,2025-05-14 17:32:24
Pants 130,660352000.0,4.85,3,XXL,Men,2025-05-14 17:32:24
Jacket 132,647488000.0,4.25,3,M,Unisex,2025-05-14 17:32:24
Crewneck 133,201632000.0,4.75,3,L,Men,2025-05-14 17:32:24
T-shirt 134,593744000.0,3.25,3,XL,Women,2025-05-14 17:32:24
Hoodie 135,514144000.0,4.75,3,XXL,Unisex,2025-05-14 17:32:24
Outerwear 137,698832000.0,4.55,3,M,Women,2025-05-14 17:32:24
Jacket 138,463552000.0,3.45,3,L,Unisex,2025-05-14 17:32:24
Crewneck 139,805312000.0,4.55,3,XL,Men,2025-05-14 17:32:24
T-shirt 140,681104000.0,3.55,3,XXL,Women,2025-05-14 17:32:24
Pants 142,232528000.0,4.95,3,M,Men,2025-05-14 17:32:24
Outerwear 143,334656000.0,4.95,3,L,Women,2025-05-14 17:32:24
Jacket 144,575824000.0,4.35,3,XL,Unisex,2025-05-14 17:32:24
Crewneck 145,347280000.0,4.85,3,XXL,Men,2025-05-14 17:32:24
T-shirt 146,768864000.0,4.35,3,S,Women,2025-05-14 17:32:24
Hoodie 147,305280000.0,5.05,3,M,Unisex,2025-05-14 17:32:24
Pants 148,603344000.0,4.75,3,L,Men,2025-05-14 17:32:24
Outerwear 149,310592000.0,3.25,3,XL,Women,2025-05-14 17:32:24
Jacket 150,150064000.0,3.65,3,XXL,Unisex,2025-05-14 17:32:24
T-shirt 152,628864000.0,4.25,3,M,Women,2025-05-14 17:32:24
Hoodie 153,266064000.0,4.35,3,L,Unisex,2025-05-14 17:32:24
Pants 154,233744000.0,3.05,3,XL,Men,2025-05-14 17:32:24
Outerwear 155,378320000.0,4.15,3,XXL,Women,2025-05-14 17:32:24
Jacket 156,664512000.0,3.65,3,S,Unisex,2025-05-14 17:32:24
Crewneck 157,110576000.0,4.05,3,M,Men,2025-05-14 17:32:24
T-shirt 158,732112000.0,4.05,3,L,Women,2025-05-14 17:32:24
Hoodie 159,237168000.0,4.95,3,XL,Unisex,2025-05-14 17:32:24
Pants 160,280288000.0,3.45,3,XXL,Men,2025-05-14 17:32:24
Jacket 162,154384000.0,4.55,3,M,Unisex,2025-05-14 17:32:24
Crewneck 163,786192000.0,4.45,3,L,Men,2025-05-14 17:32:24
T-shirt 164,351200000.0,3.95,3,XL,Women,2025-05-14 17:32:24
Hoodie 165,692128000.0,4.95,3,XXL,Unisex,2025-05-14 17:32:24
Outerwear 167,327376000.0,3.15,3,M,Women,2025-05-14 17:32:24
Jacket 168,87040000.0,4.45,3,L,Unisex,2025-05-14 17:32:24
Crewneck 169,803280000.0,4.75,3,XL,Men,2025-05-14 17:32:24
T-shirt 170,667792000.0,4.55,3,XXL,Women,2025-05-14 17:32:24
Pants 172,156608000.0,4.95,3,M,Men,2025-05-14 17:32:24
Outerwear 173,703456000.0,4.65,3,L,Women,2025-05-14 17:32:24
Jacket 174,628224000.0,3.35,3,XL,Unisex,2025-05-14 17:32:24
Crewneck 175,812512000.0,4.55,3,XXL,Men,2025-05-14 17:32:24
T-shirt 176,610432000.0,3.65,3,S,Women,2025-05-14 17:32:24
Hoodie 177,189040000.0,4.65,3,M,Unisex,2025-05-14 17:32:24
Pants 178,618416000.0,3.05,3,L,Men,2025-05-14 17:32:24
Outerwear 179,581664000.0,3.55,3,XL,Women,2025-05-14 17:32:24
Jacket 180,555264000.0,3.95,3,XXL,Unisex,2025-05-14 17:32:24
T-shirt 182,233488000.0,3.85,3,M,Women,2025-05-14 17:32:24
Hoodie 183,390464000.0,3.65,3,L,Unisex,2025-05-14 17:32:24
Pants 184,775952000.0,4.55,3,XL,Men,2025-05-14 17:32:24
Outerwear 185,782288000.0,3.25,3,XXL,Women,2025-05-14 17:32:24
Jacket 186,694048000.0,4.25,3,S,Unisex,2025-05-14 17:32:24
Crewneck 187,666352000.0,3.85,3,M,Men,2025-05-14 17:32:24
T-shirt 188,392784000.0,4.45,3,L,Women,2025-05-14 17:32:24
Hoodie 189,194672000.0,4.05,3,XL,Unisex,2025-05-14 17:32:24
Pants 190,222096000.0,4.55,3,XXL,Men,2025-05-14 17:32:24
Jacket 192,506624000.0,3.85,3,M,Unisex,2025-05-14 17:32:24
Crewneck 193,735568000.0,4.15,3,L,Men,2025-05-14 17:32:24
T-shirt 194,281872000.0,4.95,3,XL,Women,2025-05-14 17:32:24
Hoodie 195,720896000.0,4.95,3,XXL,Unisex,2025-05-14 17:32:24
Outerwear 197,568160000.0,4.95,3,M,Women,2025-05-14 17:32:24
Jacket 198,543504000.0,4.55,3,L,Unisex,2025-05-14 17:32:24
Crewneck 199,674432000.0,3.15,3,XL,Men,2025-05-14 17:32:24
T-shirt 200,628992000.0,3.55,3,XXL,Women,2025-05-14 17:32:24
Pants 202,559248000.0,3.35,3,M,Men,2025-05-14 17:32:24
Outerwear 203,214400000.0,3.45,3,L,Women,2025-05-14 17:32:24
Jacket 204,603104000.0,3.95,3,XL,Unisex,2025-05-14 17:32:24
Crewneck 205,643488000.0,3.25,3,XXL,Men,2025-05-14 17:32:24
T-shirt 206,467472000.0,4.55,3,S,Women,2025-05-14 17:32:24
Hoodie 207,610144000.0,3.55,3,M,Unisex,2025-05-14 17:32:24
Pants 208,463760000.0,3.15,3,L,Men,2025-05-14 17:32:24
Outerwear 209,798064000.0,4.35,3,XL,Women,2025-05-14 17:32:24
Jacket 210,782736000.0,4.75,3,XXL,Unisex,2025-05-14 17:32:24
T-shirt 212,879488000.0,4.75,3,M,Women,2025-05-14 17:32:24
Hoodie 213,574800000.0,3.65,3,L,Unisex,2025-05-14 17:32:24
Pants 214,431568000.0,4.95,3,XL,Men,2025-05-14 17:32:24
Outerwear 215,144960000.0,3.85,3,XXL,Women,2025-05-14 17:32:24
Jacket 216,457648000.0,4.65,3,S,Unisex,2025-05-14 17:32:24
Crewneck 217,577296000.0,4.85,3,M,Men,2025-05-14 17:32:24
T-shirt 218,560032000.0,3.15,3,L,Women,2025-05-14 17:32:24
Hoodie 219,567104000.0,4.65,3,XL,Unisex,2025-05-14 17:32:24
Pants 220,335760000.0,3.25,3,XXL,Men,2025-05-14 17:32:24
Jacket 222,743808000.0,3.45,3,M,Unisex,2025-05-14 17:32:24
Crewneck 223,95296000.0,4.85,3,L,Men,2025-05-14 17:32:24
T-shirt 224,353456000.0,4.55,3,XL,Women,2025-05-14 17:32:24
Hoodie 225,523280000.0,3.55,3,XXL,Unisex,2025-05-14 17:32:24
Outerwear 227,674256000.0,4.85,3,M,Women,2025-05-14 17:32:24
Jacket 228,807680000.0,4.55,3,L,Unisex,2025-05-14 17:32:24
Crewneck 229,310192000.0,4.95,3,XL,Men,2025-05-14 17:32:24
T-shirt 230,713328000.0,4.55,3,XXL,Women,2025-05-14 17:32:24
Pants 232,832736000.0,4.05,3,M,Men,2025-05-14 17:32:24
Outerwear 233,84736000.0,4.85,3,L,Women,2025-05-14 17:32:24
Jacket 234,115920000.0,4.55,3,XL,Unisex,2025-05-14 17:32:24
Crewneck 235,656032000.0,3.45,3,XXL,Men,2025-05-14 17:32:24
T-shirt 236,549232000.0,3.95,3,S,Women,2025-05-14 17:32:24
Hoodie 237,474352000.0,3.15,3,M,Unisex,2025-05-14 17:32:24
Pants 238,830192000.0,3.85,3,L,Men,2025-05-14 17:32:24
Outerwear 239,793408000.0,3.15,3,XL,Women,2025-05-14 17:32:24
Jacket 240,760000000.0,3.85,3,XXL,Unisex,2025-05-14 17:32:24
T-shirt 242,483360000.0,3.45,3,M,Women,2025-05-14 17:32:24
Hoodie 243,337168000.0,3.15,3,L,Unisex,2025-05-14 17:32:24
Pants 244,811616000.0,3.15,3,XL,Men,2025-05-14 17:32:24
Outerwear 245,145168000.0,4.05,3,XXL,Women,2025-05-14 17:32:24
Jacket 246,873504000.0,3.15,3,S,Unisex,2025-05-14 17:32:24
Crewneck 247,876912000.0,3.05,3,M,Men,2025-05-14 17:32:24
T-shirt 248,228000000.0,4.55,3,L,Women,2025-05-14 17:32:24
Hoodie 249,214944000.0,4.25,3,XL,Unisex,2025-05-14 17:32:24
Pants 250,431424000.0,3.15,3,XXL,Men,2025-05-14 17:32:24
Jacket 252,840848000.0,3.25,3,M,Unisex,2025-05-14 17:32:24
Crewneck 253,185472000.0,3.95,3,L,Men,2025-05-14 17:32:24
T-shirt 254,598416000.0,3.95,3,XL,Women,2025-05-14 17:32:24
Hoodie 255,366800000.0,4.15,3,XXL,Unisex,2025-05-14 17:32:24
Outerwear 257,707312000.0,5.05,3,M,Women,2025-05-14 17:32:24
Jacket 258,208064000.0,4.75,3,L,Unisex,2025-05-14 17:32:24
Crewneck 259,227552000.0,3.35,3,XL,Men,2025-05-14 17:32:24
T-shirt 260,627152000.0,3.55,3,XXL,Women,2025-05-14 17:32:24
Pants 262,109776000.0,3.45,3,M,Men,2025-05-14 17:32:24
Outerwear 263,187840000.0,4.25,3,L,Women,2025-05-14 17:32:24
Jacket 264,206304000.0,4.85,3,XL,Unisex,2025-05-14 17:32:24
Crewneck 265,248304000.0,3.55,3,XXL,Men,2025-05-14 17:32:24
T-shirt 266,484208000.0,4.65,3,S,Women,2025-05-14 17:32:24
Hoodie 267,408624000.0,4.35,3,M,Unisex,2025-05-14 17:32:24
Pants 268,500512000.0,3.65,3,L,Men,2025-05-14 17:32:24
Outerwear 269,807392000.0,3.15,3,XL,Women,2025-05-14 17:32:24
Jacket 270,256912000.0,4.25,3,XXL,Unisex,2025-05-14 17:32:24
T-shirt 272,581184000.0,3.35,3,M,Women,2025-05-14 17:32:24
Hoodie 273,529136000.0,4.95,3,L,Unisex,2025-05-14 17:32:24
Pants 274,366928000.0,4.25,3,XL,Men,2025-05-14 17:32:24
Outerwear 275,557536000.0,4.85,3,XXL,Women,2025-05-14 17:32:24
Jacket 276,101360000.0,4.35,3,S,Unisex,2025-05-14 17:32:24
Crewneck 277,238368000.0,4.75,3,M,Men,2025-05-14 17:32:24
T-shirt 278,208736000.0,3.85,3,L,Women,2025-05-14 17:32:24
Hoodie 279,559232000.0,4.75,3,XL,Unisex,2025-05-14 17:32:24
Pants 280,750144000.0,3.95,3,XXL,Men,2025-05-14 17:32:24
Jacket 282,222704000.0,3.05,3,M,Unisex,2025-05-14 17:32:24
Crewneck 283,663312000.0,3.25,3,L,Men,2025-05-14 17:32:24
T-shirt 284,656800000.0,3.65,3,XL,Women,2025-05-14 17:32:24
Hoodie 285,300912000.0,3.25,3,XXL,Unisex,2025-05-14 17:32:24
Outerwear 287,527360000.0,3.75,3,M,Women,2025-05-14 17:32:24
Jacket 288,312304000.0,4.15,3,L,Unisex,2025-05-14 17:32:24
Crewneck 289,88800000.0,4.05,3,XL,Men,2025-05-14 17:32:24
T-shirt 290,642512000.0,4.25,3,XXL,Women,2025-05-14 17:32:24
Pants 292,238448000.0,3.95,3,M,Men,2025-05-14 17:32:24
Outerwear 293,117616000.0,4.55,3,L,Women,2025-05-14 17:32:24
Jacket 294,594720000.0,3.85,3,XL,Unisex,2025-05-14 17:32:24
Crewneck 295,726672000.0,4.95,3,XXL,Men,2025-05-14 17:32:24
T-shirt 296,117216000.0,3.15,3,S,Women,2025-05-14 17:32:24
Hoodie 297,780112000.0,3.65,3,M,Unisex,2025-05-14 17:32:24
Pants 298,242608000.0,4.85,3,L,Men,2025-05-14 17:32:24
Outerwear 299,194784000.0,4.35,3,XL,Women,2025-05-14 17:32:24
Jacket 300,640848000.0,4.05,3,XXL,Unisex,2025-05-14 17:32:24
T-shirt 302,571120000.0,3.25,3,M,Women,2025-05-14 17:32:24
Hoodie 303,797456000.0,4.15,3,L,Unisex,2025-05-14 17:32:24
Pants 304,712976000.0,3.45,3,XL,Men,2025-05-14 17:32:24
Outerwear 305,632544000.0,4.55,3,XXL,Women,2025-05-14 17:32:24
Jacket 306,757504000.0,4.25,3,S,Unisex,2025-05-14 17:32:24
Crewneck 307,773520000.0,3.75,3,M,Men,2025-05-14 17:32:24
T-shirt 308,408608000.0,4.15,3,L,Women,2025-05-14 17:32:24
Hoodie 309,395312000.0,4.85,3,XL,Unisex,2025-05-14 17:32:24
Pants 310,632928000.0,4.75,3,XXL,Men,2025-05-14 17:32:24
Jacket 312,726704000.0,3.85,3,M,Unisex,2025-05-14 17:32:24
Crewneck 313,194832000.0,3.15,3,L,Men,2025-05-14 17:32:24
T-shirt 314,601712000.0,3.25,3,XL,Women,2025-05-14 17:32:24
Hoodie 315,702288000.0,3.15,3,XXL,Unisex,2025-05-14 17:32:24
Outerwear 317,525904000.0,3.35,3,M,Women,2025-05-14 17:32:24
Jacket 318,566720000.0,3.75,3,L,Unisex,2025-05-14 17:32:24
Crewneck 319,308592000.0,3.35,3,XL,Men,2025-05-14 17:32:24
T-shirt 320,82944000.0,3.35,3,XXL,Women,2025-05-14 17:32:24
Pants 322,781040000.0,3.25,3,M,Men,2025-05-14 17:32:24
Outerwear 323,846800000.0,3.15,3,L,Women,2025-05-14 17:32:24
Jacket 324,608272000.0,3.35,3,XL,Unisex,2025-05-14 17:32:24
Crewneck 325,300176000.0,3.45,3,XXL,Men,2025-05-14 17:32:24
T-shirt 326,451936000.0,4.95,3,S,Women,2025-05-14 17:32:24
Hoodie 327,664144000.0,4.45,3,M,Unisex,2025-05-14 17:32:24
Pants 328,573296000.0,4.55,3,L,Men,2025-05-14 17:32:24
Outerwear 329,672416000.0,4.75,3,XL,Women,2025-05-14 17:32:24
Jacket 330,159120000.0,4.35,3,XXL,Unisex,2025-05-14 17:32:24
T-shirt 332,233568000.0,3.45,3,M,Women,2025-05-14 17:32:24
Hoodie 333,174608000.0,4.85,3,L,Unisex,2025-05-14 17:32:24
Pants 334,240944000.0,3.85,3,XL,Men,2025-05-14 17:32:24
Outerwear 335,282672000.0,3.05,3,XXL,Women,2025-05-14 17:32:24
Jacket 336,623776000.0,5.05,3,S,Unisex,2025-05-14 17:32:24
Crewneck 337,860880000.0,4.35,3,M,Men,2025-05-14 17:32:24
T-shirt 338,288336000.0,3.95,3,L,Women,2025-05-14 17:32:24
Hoodie 339,442480000.0,4.95,3,XL,Unisex,2025-05-14 17:32:24
Pants 340,597520000.0,4.35,3,XXL,Men,2025-05-14 17:32:24
Jacket 342,182768000.0,4.85,3,M,Unisex,2025-05-14 17:32:24
Crewneck 343,227904000.0,4.15,3,L,Men,2025-05-14 17:32:24
T-shirt 344,341568000.0,4.55,3,XL,Women,2025-05-14 17:32:24
Hoodie 345,757744000.0,3.35,3,XXL,Unisex,2025-05-14 17:32:24
Outerwear 347,698608000.0,4.75,3,M,Women,2025-05-14 17:32:24
Jacket 348,319504000.0,4.65,3,L,Unisex,2025-05-14 17:32:24
Crewneck 349,608560000.0,3.55,3,XL,Men,2025-05-14 17:32:24
T-shirt 350,804768000.0,5.05,3,XXL,Women,2025-05-14 17:32:24
Pants 352,283888000.0,4.05,3,M,Men,2025-05-14 17:32:24
Outerwear 353,96160000.0,3.65,3,L,Women,2025-05-14 17:32:24
Jacket 354,229472000.0,3.85,3,XL,Unisex,2025-05-14 17:32:24
Crewneck 355,424656000.0,3.25,3,XXL,Men,2025-05-14 17:32:24
T-shirt 356,715008000.0,4.35,3,S,Women,2025-05-14 17:32:24
Hoodie 357,373936000.0,3.65,3,M,Unisex,2025-05-14 17:32:24
Pants 358,847952000.0,3.95,3,L,Men,2025-05-14 17:32:24
Outerwear 359,169648000.0,4.35,3,XL,Women,2025-05-14 17:32:24
Jacket 360,878832000.0,4.85,3,XXL,Unisex,2025-05-14 17:32:24
T-shirt 362,477680000.0,5.05,3,M,Women,2025-05-14 17:32:24
Hoodie 363,117136000.0,3.25,3,L,Unisex,2025-05-14 17:32:24
Pants 364,497280000.0,4.85,3,XL,Men,2025-05-14 17:32:24
Outerwear 365,695648000.0,4.55,3,XXL,Women,2025-05-14 17:32:24
Jacket 366,585488000.0,4.95,3,S,Unisex,2025-05-14 17:32:24
Crewneck 367,835936000.0,4.95,3,M,Men,2025-05-14 17:32:24
T-shirt 368,96512000.0,3.25,3,L,Women,2025-05-14 17:32:24
Hoodie 369,720496000.0,4.75,3,XL,Unisex,2025-05-14 17:32:24
Pants 370,455968000.0,3.65,3,XXL,Men,2025-05-14 17:32:24
Jacket 372,505296000.0,3.65,3,M,Unisex,2025-05-14 17:32:24
Crewneck 373,223104000.0,3.65,3,L,Men,2025-05-14 17:32:24
T-shirt 374,769712000.0,3.95,3,XL,Women,2025-05-14 17:32:24
Hoodie 375,702752000.0,3.95,3,XXL,Unisex,2025-05-14 17:32:24
Outerwear 377,680208000.0,4.85,3,M,Women,2025-05-14 17:32:24
Jacket 378,340240000.0,3.65,3,L,Unisex,2025-05-14 17:32:24
Crewneck 379,396320000.0,4.45,3,XL,Men,2025-05-14 17:32:24
T-shirt 380,254704000.0,3.85,3,XXL,Women,2025-05-14 17:32:24
Pants 382,135616000.0,4.45,3,M,Men,2025-05-14 17:32:24
Outerwear 383,343104000.0,3.45,3,L,Women,2025-05-14 17:32:24
Jacket 384,145296000.0,3.35,3,XL,Unisex,2025-05-14 17:32:24
Crewneck 385,795072000.0,4.95,3,XXL,Men,2025-05-14 17:32:24
T-shirt 386,479360000.0,4.65,3,S,Women,2025-05-14 17:32:24
Hoodie 387,841808000.0,4.25,3,M,Unisex,2025-05-14 17:32:24
Pants 388,93120000.0,3.15,3,L,Men,2025-05-14 17:32:24
Outerwear 389,288320000.0,5.05,3,XL,Women,2025-05-14 17:32:24
Jacket 390,543296000.0,3.35,3,XXL,Unisex,2025-05-14 17:32:24
T-shirt 392,122608000.0,4.45,3,M,Women,2025-05-14 17:32:24
Hoodie 393,406848000.0,3.25,3,L,Unisex,2025-05-14 17:32:24
Pants 394,354000000.0,3.35,3,XL,Men,2025-05-14 17:32:24
Outerwear 395,309872000.0,4.05,3,XXL,Women,2025-05-14 17:32:24
Jacket 396,250528000.0,3.95,3,S,Unisex,2025-05-14 17:32:24
Crewneck 397,85536000.0,3.65,3,M,Men,2025-05-14 17:32:24
T-shirt 398,459280000.0,4.75,3,L,Women,2025-05-14 17:32:24
Hoodie 399,252352000.0,3.65,3,XL,Unisex,2025-05-14 17:32:24
Pants 400,602064000.0,4.75,3,XXL,Men,2025-05-14 17:32:24
Jacket 402,202912000.0,4.65,3,M,Unisex,2025-05-14 17:32:24
Crewneck 403,158032000.0,4.15,3,L,Men,2025-05-14 17:32:24
T-shirt 404,350112000.0,4.95,3,XL,Women,2025-05-14 17:32:24
Hoodie 405,508016000.0,3.85,3,XXL,Unisex,2025-05-14 17:32:24
Outerwear 407,276128000.0,3.75,3,M,Women,2025-05-14 17:32:24
Jacket 408,417600000.0,4.95,3,L,Unisex,2025-05-14 17:32:24
Crewneck 409,322176000.0,3.55,3,XL,Men,2025-05-14 17:32:24
T-shirt 410,158672000.0,3.15,3,XXL,Women,2025-05-14 17:32:24
Pants 412,543824000.0,4.45,3,M,Men,2025-05-14 17:32:24
Outerwear 413,130640000.0,3.45,3,L,Women,2025-05-14 17:32:24
Jacket 414,223472000.0,3.75,3,XL,Unisex,2025-05-14 17:32:24
Crewneck 415,361744000.0,3.15,3,XXL,Men,2025-05-14 17:32:24
T-shirt 416,445408000.0,3.15,3,S,Women,2025-05-14 17:32:24
Hoodie 417,276944000.0,4.65,3,M,Unisex,2025-05-14 17:32:24
Pants 418,630784000.0,5.05,3,L,Men,2025-05-14 17:32:24
Outerwear 419,700400000.0,5.05,3,XL,Women,2025-05-14 17:32:24
Jacket 420,247264000.0,3.15,3,XXL,Unisex,2025-05-14 17:32:24
T-shirt 422,92432000.0,3.95,3,M,Women,2025-05-14 17:32:24
Hoodie 423,460176000.0,3.75,3,L,Unisex,2025-05-14 17:32:24
Pants 424,386576000.0,4.45,3,XL,Men,2025-05-14 17:32:24
Outerwear 425,252848000.0,4.85,3,XXL,Women,2025-05-14 17:32:24
Jacket 426,346240000.0,3.45,3,S,Unisex,2025-05-14 17:32:24
Crewneck 427,637520000.0,3.35,3,M,Men,2025-05-14 17:32:24
T-shirt 428,705312000.0,4.95,3,L,Women,2025-05-14 17:32:24
Hoodie 429,165856000.0,4.95,3,XL,Unisex,2025-05-14 17:32:24
Pants 430,144208000.0,3.95,3,XXL,Men,2025-05-14 17:32:24
Jacket 432,215184000.0,4.55,3,M,Unisex,2025-05-14 17:32:24
Crewneck 433,387248000.0,4.25,3,L,Men,2025-05-14 17:32:24
T-shirt 434,655712000.0,4.95,3,XL,Women,2025-05-14 17:32:24
Hoodie 435,101568000.0,4.05,3,XXL,Unisex,2025-05-14 17:32:24
Outerwear 437,101680000.0,3.95,3,M,Women,2025-05-14 17:32:24
Jacket 438,245312000.0,4.55,3,L,Unisex,2025-05-14 17:32:24
Crewneck 439,400544000.0,3.25,3,XL,Men,2025-05-14 17:32:24
T-shirt 440,532608000.0,3.05,3,XXL,Women,2025-05-14 17:32:24
Pants 442,470160000.0,4.35,3,M,Men,2025-05-14 17:32:24
Outerwear 443,726272000.0,4.25,3,L,Women,2025-05-14 17:32:24
Jacket 444,401696000.0,3.35,3,XL,Unisex,2025-05-14 17:32:24
Crewneck 445,357424000.0,4.55,3,XXL,Men,2025-05-14 17:32:24
T-shirt 446,774016000.0,3.25,3,S,Women,2025-05-14 17:32:24
Hoodie 447,474864000.0,4.05,3,M,Unisex,2025-05-14 17:32:24
Pants 448,82016000.0,4.45,3,L,Men,2025-05-14 17:32:24
Outerwear 449,641008000.0,4.05,3,XL,Women,2025-05-14 17:32:24
Jacket 450,875488000.0,3.15,3,XXL,Unisex,2025-05-14 17:32:24
T-shirt 452,689280000.0,4.45,3,M,Women,2025-05-14 17:32:24
Hoodie 453,657696000.0,4.25,3,L,Unisex,2025-05-14 17:32:24
Pants 454,217952000.0,5.05,3,XL,Men,2025-05-14 17:32:24
Outerwear 455,109408000.0,4.85,3,XXL,Women,2025-05-14 17:32:24
Jacket 456,809600000.0,4.15,3,S,Unisex,2025-05-14 17:32:24
Crewneck 457,734288000.0,4.85,3,M,Men,2025-05-14 17:32:24
T-shirt 458,424000000.0,4.45,3,L,Women,2025-05-14 17:32:24
Hoodie 459,323728000.0,3.55,3,XL,Unisex,2025-05-14 17:32:24
Pants 460,188080000.0,3.65,3,XXL,Men,2025-05-14 17:32:24
Jacket 462,676784000.0,4.55,3,M,Unisex,2025-05-14 17:32:24
Crewneck 463,753952000.0,4.55,3,L,Men,2025-05-14 17:32:24
T-shirt 464,607008000.0,4.55,3,XL,Women,2025-05-14 17:32:24
Hoodie 465,616432000.0,4.75,3,XXL,Unisex,2025-05-14 17:32:24
Outerwear 467,132592000.0,3.55,3,M,Women,2025-05-14 17:32:24
Jacket 468,458496000.0,3.75,3,L,Unisex,2025-05-14 17:32:24
Crewneck 469,173888000.0,4.25,3,XL,Men,2025-05-14 17:32:24
T-shirt 470,773888000.0,3.15,3,XXL,Women,2025-05-14 17:32:24
Pants 472,390208000.0,3.15,3,M,Men,2025-05-14 17:32:24
Outerwear 473,547808000.0,4.25,3,L,Women,2025-05-14 17:32:24
Jacket 474,586496000.0,4.75,3,XL,Unisex,2025-05-14 17:32:24
Crewneck 475,701728000.0,4.65,3,XXL,Men,2025-05-14 17:32:24
T-shirt 476,398624000.0,4.35,3,S,Women,2025-05-14 17:32:24
Hoodie 477,662608000.0,4.25,3,M,Unisex,2025-05-14 17:32:24
Pants 478,491200000.0,3.85,3,L,Men,2025-05-14 17:32:24
Outerwear 479,730240000.0,4.45,3,XL,Women,2025-05-14 17:32:24
Jacket 480,498624000.0,4.25,3,XXL,Unisex,2025-05-14 17:32:24
T-shirt 482,335248000.0,4.85,3,M,Women,2025-05-14 17:32:24
Hoodie 483,403504000.0,4.25,3,L,Unisex,2025-05-14 17:32:24
Pants 484,642864000.0,4.15,3,XL,Men,2025-05-14 17:32:24
Outerwear 485,404448000.0,4.75,3,XXL,Women,2025-05-14 17:32:24
Jacket 486,257376000.0,3.05,3,S,Unisex,2025-05-14 17:32:24
Crewneck 487,695552000.0,3.75,3,M,Men,2025-05-14 17:32:24
T-shirt 488,878976000.0,3.85,3,L,Women,2025-05-14 17:32:24
Hoodie 489,355456000.0,5.05,3,XL,Unisex,2025-05-14 17:32:24
Pants 490,708160000.0,3.15,3,XXL,Men,2025-05-14 17:32:24
Jacket 492,601184000.0,3.05,3,M,Unisex,2025-05-14 17:32:24
Crewneck 493,507152000.0,4.85,3,L,Men,2025-05-14 17:32:24
T-shirt 494,139008000.0,3.45,3,XL,Women,2025-05-14 17:32:24
Hoodie 495,166320000.0,4.55,3,XXL,Unisex,2025-05-14 17:32:24
Outerwear 497,395776000.0,4.45,3,M,Women,2025-05-14 17:32:24
Jacket 498,441280000.0,4.65,3,L,Unisex,2025-05-14 17:32:24
Crewneck 499,782592000.0,4.15,3,XL,Men,2025-05-14 17:32:24
T-shirt 500,811440000.0,4.25,3,XXL,Women,2025-05-14 17:32:24
Pants 502,713248000.0,4.45,3,M,Men,2025-05-14 17:32:24
Outerwear 503,492448000.0,4.85,3,L,Women,2025-05-14 17:32:24
Jacket 504,802448000.0,5.05,3,XL,Unisex,2025-05-14 17:32:24
Crewneck 505,874768000.0,4.35,3,XXL,Men,2025-05-14 17:32:24
T-shirt 506,857200000.0,3.65,3,S,Women,2025-05-14 17:32:24
Hoodie 507,684400000.0,4.75,3,M,Unisex,2025-05-14 17:32:24
Pants 508,776608000.0,3.55,3,L,Men,2025-05-14 17:32:24
Outerwear 509,717840000.0,3.15,3,XL,Women,2025-05-14 17:32:24
Jacket 510,156208000.0,3.45,3,XXL,Unisex,2025-05-14 17:32:24
T-shirt 512,431968000.0,3.75,3,M,Women,2025-05-14 17:32:24
Hoodie 513,169376000.0,4.45,3,L,Unisex,2025-05-14 17:32:24
Pants 514,688896000.0,3.95,3,XL,Men,2025-05-14 17:32:24
Outerwear 515,726256000.0,3.15,3,XXL,Women,2025-05-14 17:32:24
Jacket 516,713072000.0,3.45,3,S,Unisex,2025-05-14 17:32:24
Crewneck 517,106928000.0,3.55,3,M,Men,2025-05-14 17:32:24
T-shirt 518,257568000.0,4.15,3,L,Women,2025-05-14 17:32:24
Hoodie 519,223616000.0,4.55,3,XL,Unisex,2025-05-14 17:32:24
Pants 520,230832000.0,3.85,3,XXL,Men,2025-05-14 17:32:24
Jacket 522,629296000.0,4.05,3,M,Unisex,2025-05-14 17:32:24
Crewneck 523,362672000.0,4.65,3,L,Men,2025-05-14 17:32:24
T-shirt 524,93600000.0,3.85,3,XL,Women,2025-05-14 17:32:24
Hoodie 525,791904000.0,3.65,3,XXL,Unisex,2025-05-14 17:32:24
Outerwear 527,466928000.0,3.65,3,M,Women,2025-05-14 17:32:24
Jacket 528,559584000.0,4.05,3,L,Unisex,2025-05-14 17:32:24
Crewneck 529,142016000.0,3.25,3,XL,Men,2025-05-14 17:32:24
T-shirt 530,617376000.0,3.35,3,XXL,Women,2025-05-14 17:32:24
Pants 532,839120000.0,4.15,3,M,Men,2025-05-14 17:32:24
Outerwear 533,337024000.0,4.25,3,L,Women,2025-05-14 17:32:24
Jacket 534,347920000.0,3.75,3,XL,Unisex,2025-05-14 17:32:24
Crewneck 535,390128000.0,3.75,3,XXL,Men,2025-05-14 17:32:24
T-shirt 536,509248000.0,3.05,3,S,Women,2025-05-14 17:32:24
Hoodie 537,867184000.0,3.15,3,M,Unisex,2025-05-14 17:32:24
Pants 538,613424000.0,3.45,3,L,Men,2025-05-14 17:32:24
Outerwear 539,469264000.0,4.75,3,XL,Women,2025-05-14 17:32:24
Jacket 540,705184000.0,4.45,3,XXL,Unisex,2025-05-14 17:32:24
T-shirt 542,476144000.0,3.55,3,M,Women,2025-05-14 17:32:24
Hoodie 543,871568000.0,4.75,3,L,Unisex,2025-05-14 17:32:24
Pants 544,595776000.0,3.15,3,XL,Men,2025-05-14 17:32:24
Outerwear 545,357936000.0,4.05,3,XXL,Women,2025-05-14 17:32:24
Jacket 546,627152000.0,3.35,3,S,Unisex,2025-05-14 17:32:24
Crewneck 547,536112000.0,3.95,3,M,Men,2025-05-14 17:32:24
T-shirt 548,268624000.0,4.65,3,L,Women,2025-05-14 17:32:24
Hoodie 549,268720000.0,3.75,3,XL,Unisex,2025-05-14 17:32:24
Pants 550,445008000.0,4.95,3,XXL,Men,2025-05-14 17:32:24
Jacket 552,538032000.0,4.15,3,M,Unisex,2025-05-14 17:32:24
Crewneck 553,776080000.0,3.85,3,L,Men,2025-05-14 17:32:24
T-shirt 554,400112000.0,4.55,3,XL,Women,2025-05-14 17:32:24
Hoodie 555,180960000.0,3.05,3,XXL,Unisex,2025-05-14 17:32:24
Outerwear 557,546048000.0,3.45,3,M,Women,2025-05-14 17:32:24
Jacket 558,500704000.0,4.05,3,L,Unisex,2025-05-14 17:32:24
Crewneck 559,159088000.0,3.55,3,XL,Men,2025-05-14 17:32:24
T-shirt 560,688528000.0,4.25,3,XXL,Women,2025-05-14 17:32:24
Pants 562,372416000.0,4.55,3,M,Men,2025-05-14 17:32:24
Outerwear 563,819744000.0,4.75,3,L,Women,2025-05-14 17:32:24
Jacket 564,831920000.0,4.35,3,XL,Unisex,2025-05-14 17:32:24
Crewneck 565,763520000.0,3.55,3,XXL,Men,2025-05-14 17:32:24
T-shirt 566,261136000.0,4.65,3,S,Women,2025-05-14 17:32:24
Hoodie 567,457616000.0,3.25,3,M,Unisex,2025-05-14 17:32:24
Pants 568,298416000.0,3.35,3,L,Men,2025-05-14 17:32:24
Outerwear 569,496688000.0,4.75,3,XL,Women,2025-05-14 17:32:24
Jacket 570,400096000.0,3.95,3,XXL,Unisex,2025-05-14 17:32:24
T-shirt 572,475632000.0,3.25,3,M,Women,2025-05-14 17:32:24
Hoodie 573,695408000.0,4.55,3,L,Unisex,2025-05-14 17:32:24
Pants 574,242400000.0,3.85,3,XL,Men,2025-05-14 17:32:24
Outerwear 575,351776000.0,3.45,3,XXL,Women,2025-05-14 17:32:24
Jacket 576,80560000.0,3.55,3,S,Unisex,2025-05-14 17:32:24
Crewneck 577,787392000.0,3.35,3,M,Men,2025-05-14 17:32:24
T-shirt 578,795888000.0,4.15,3,L,Women,2025-05-14 17:32:24
Hoodie 579,442864000.0,4.45,3,XL,Unisex,2025-05-14 17:32:24
Pants 580,262544000.0,3.35,3,XXL,Men,2025-05-14 17:32:24
Jacket 582,411216000.0,4.15,3,M,Unisex,2025-05-14 17:32:24
Crewneck 583,573776000.0,4.55,3,L,Men,2025-05-14 17:32:24
T-shirt 584,696496000.0,4.85,3,XL,Women,2025-05-14 17:32:24
Hoodie 585,618688000.0,4.95,3,XXL,Unisex,2025-05-14 17:32:24
Outerwear 587,442496000.0,4.45,3,M,Women,2025-05-14 17:32:24
Jacket 588,496304000.0,4.75,3,L,Unisex,2025-05-14 17:32:24
Crewneck 589,93184000.0,4.75,3,XL,Men,2025-05-14 17:32:24
T-shirt 590,645712000.0,3.95,3,XXL,Women,2025-05-14 17:32:24
Pants 592,680544000.0,4.35,3,M,Men,2025-05-14 17:32:24
Outerwear 593,716384000.0,3.95,3,L,Women,2025-05-14 17:32:24
Jacket 594,870768000.0,4.25,3,XL,Unisex,2025-05-14 17:32:24
Crewneck 595,372384000.0,3.55,3,XXL,Men,2025-05-14 17:32:24
T-shirt 596,829040000.0,4.45,3,S,Women,2025-05-14 17:32:24
Hoodie 597,796944000.0,3.35,3,M,Unisex,2025-05-14 17:32:24
Pants 598,471408000.0,4.15,3,L,Men,2025-05-14 17:32:24
Outerwear 599,117904000.0,3.35,3,XL,Women,2025-05-14 17:32:24
Jacket 600,641408000.0,3.05,3,XXL,Unisex,2025-05-14 17:32:24
T-shirt 602,226096000.0,4.45,3,M,Women,2025-05-14 17:32:24
Hoodie 603,751152000.0,3.15,3,L,Unisex,2025-05-14 17:32:24
Pants 604,766224000.0,4.35,3,XL,Men,2025-05-14 17:32:24
Outerwear 605,171072000.0,3.75,3,XXL,Women,2025-05-14 17:32:24
Jacket 606,577072000.0,4.65,3,S,Unisex,2025-05-14 17:32:24
Crewneck 607,385760000.0,3.15,3,M,Men,2025-05-14 17:32:24
T-shirt 608,704784000.0,4.65,3,L,Women,2025-05-14 17:32:24
Hoodie 609,295632000.0,4.15,3,XL,Unisex,2025-05-14 17:32:24
Pants 610,451536000.0,3.35,3,XXL,Men,2025-05-14 17:32:24
Jacket 612,320272000.0,3.15,3,M,Unisex,2025-05-14 17:32:24
Crewneck 613,101392000.0,3.65,3,L,Men,2025-05-14 17:32:24
T-shirt 614,242816000.0,3.15,3,XL,Women,2025-05-14 17:32:24
Hoodie 615,479872000.0,4.85,3,XXL,Unisex,2025-05-14 17:32:24
Outerwear 617,176592000.0,4.35,3,M,Women,2025-05-14 17:32:24
Jacket 618,647408000.0,3.35,3,L,Unisex,2025-05-14 17:32:24
Crewneck 619,834064000.0,4.45,3,XL,Men,2025-05-14 17:32:24
T-shirt 620,227024000.0,3.35,3,XXL,Women,2025-05-14 17:32:24
Pants 622,484960000.0,3.55,3,M,Men,2025-05-14 17:32:24
Outerwear 623,729952000.0,4.65,3,L,Women,2025-05-14 17:32:24
Jacket 624,694320000.0,3.95,3,XL,Unisex,2025-05-14 17:32:24
Crewneck 625,782640000.0,4.15,3,XXL,Men,2025-05-14 17:32:24
T-shirt 626,777744000.0,4.55,3,S,Women,2025-05-14 17:32:24
Hoodie 627,123232000.0,3.25,3,M,Unisex,2025-05-14 17:32:24
Pants 628,811312000.0,4.35,3,L,Men,2025-05-14 17:32:24
Outerwear 629,399792000.0,4.45,3,XL,Women,2025-05-14 17:32:24
Jacket 630,100368000.0,3.85,3,XXL,Unisex,2025-05-14 17:32:24
T-shirt 632,431424000.0,3.65,3,M,Women,2025-05-14 17:32:24
Hoodie 633,312800000.0,3.15,3,L,Unisex,2025-05-14 17:32:24
Pants 634,853568000.0,3.95,3,XL,Men,2025-05-14 17:32:24
Outerwear 635,689712000.0,4.15,3,XXL,Women,2025-05-14 17:32:24
Jacket 636,347632000.0,4.55,3,S,Unisex,2025-05-14 17:32:24
Crewneck 637,603024000.0,4.05,3,M,Men,2025-05-14 17:32:24
T-shirt 638,522096000.0,4.65,3,L,Women,2025-05-14 17:32:24
Hoodie 639,678272000.0,4.75,3,XL,Unisex,2025-05-14 17:32:24
Pants 640,303856000.0,3.85,3,XXL,Men,2025-05-14 17:32:24
Jacket 642,774736000.0,4.75,3,M,Unisex,2025-05-14 17:32:24
Crewneck 643,611600000.0,3.25,3,L,Men,2025-05-14 17:32:24
T-shirt 644,747936000.0,4.25,3,XL,Women,2025-05-14 17:32:24
Hoodie 645,328544000.0,3.35,3,XXL,Unisex,2025-05-14 17:32:24
Outerwear 647,430496000.0,3.85,3,M,Women,2025-05-14 17:32:24
Jacket 648,869952000.0,4.55,3,L,Unisex,2025-05-14 17:32:24
Crewneck 649,858816000.0,3.25,3,XL,Men,2025-05-14 17:32:24
T-shirt 650,801280000.0,3.45,3,XXL,Women,2025-05-14 17:32:24
Pants 652,608496000.0,3.35,3,M,Men,2025-05-14 17:32:24
Outerwear 653,262208000.0,4.05,3,L,Women,2025-05-14 17:32:24
Jacket 654,408944000.0,4.75,3,XL,Unisex,2025-05-14 17:32:24
Crewneck 655,183424000.0,4.15,3,XXL,Men,2025-05-14 17:32:24
T-shirt 656,253872000.0,4.25,3,S,Women,2025-05-14 17:32:24
Hoodie 657,845904000.0,4.85,3,M,Unisex,2025-05-14 17:32:24
Pants 658,626832000.0,3.85,3,L,Men,2025-05-14 17:32:24
Outerwear 659,181792000.0,3.35,3,XL,Women,2025-05-14 17:32:24
Jacket 660,871520000.0,3.55,3,XXL,Unisex,2025-05-14 17:32:24
T-shirt 662,142272000.0,4.55,3,M,Women,2025-05-14 17:32:24
Hoodie 663,708720000.0,4.05,3,L,Unisex,2025-05-14 17:32:24
Pants 664,824864000.0,3.55,3,XL,Men,2025-05-14 17:32:24
Outerwear 665,403360000.0,3.25,3,XXL,Women,2025-05-14 17:32:24
Jacket 666,484400000.0,3.95,3,S,Unisex,2025-05-14 17:32:24
Crewneck 667,175664000.0,3.75,3,M,Men,2025-05-14 17:32:24
T-shirt 668,504464000.0,3.75,3,L,Women,2025-05-14 17:32:24
Hoodie 669,234608000.0,3.35,3,XL,Unisex,2025-05-14 17:32:24
Pants 670,840672000.0,4.85,3,XXL,Men,2025-05-14 17:32:24
Jacket 672,477616000.0,4.55,3,M,Unisex,2025-05-14 17:32:24
Crewneck 673,280336000.0,4.75,3,L,Men,2025-05-14 17:32:24
T-shirt 674,315664000.0,3.15,3,XL,Women,2025-05-14 17:32:24
Hoodie 675,431488000.0,3.25,3,XXL,Unisex,2025-05-14 17:32:24
Outerwear 677,465744000.0,3.35,3,M,Women,2025-05-14 17:32:24
Jacket 678,277712000.0,4.35,3,L,Unisex,2025-05-14 17:32:24
Crewneck 679,637312000.0,3.25,3,XL,Men,2025-05-14 17:32:24
T-shirt 680,816480000.0,3.25,3,XXL,Women,2025-05-14 17:32:24
Pants 682,761648000.0,3.95,3,M,Men,2025-05-14 17:32:24
Outerwear 683,390736000.0,3.65,3,L,Women,2025-05-14 17:32:24
Jacket 684,710256000.0,3.55,3,XL,Unisex,2025-05-14 17:32:24
Crewneck 685,149584000.0,4.65,3,XXL,Men,2025-05-14 17:32:24
T-shirt 686,538176000.0,3.85,3,S,Women,2025-05-14 17:32:24
Hoodie 687,422080000.0,4.75,3,M,Unisex,2025-05-14 17:32:24
Pants 688,148752000.0,4.45,3,L,Men,2025-05-14 17:32:24
Outerwear 689,193904000.0,4.65,3,XL,Women,2025-05-14 17:32:24
Jacket 690,878256000.0,4.75,3,XXL,Unisex,2025-05-14 17:32:24
T-shirt 692,141648000.0,4.15,3,M,Women,2025-05-14 17:32:24
Hoodie 693,303168000.0,4.15,3,L,Unisex,2025-05-14 17:32:24
Pants 694,246672000.0,3.45,3,XL,Men,2025-05-14 17:32:24
Outerwear 695,95936000.0,3.35,3,XXL,Women,2025-05-14 17:32:24
Jacket 696,514624000.0,4.25,3,S,Unisex,2025-05-14 17:32:24
Crewneck 697,654512000.0,5.05,3,M,Men,2025-05-14 17:32:24
T-shirt 698,244496000.0,4.15,3,L,Women,2025-05-14 17:32:24
Hoodie 699,525024000.0,4.55,3,XL,Unisex,2025-05-14 17:32:24
Pants 700,352656000.0,4.35,3,XXL,Men,2025-05-14 17:32:24
Jacket 702,492768000.0,4.35,3,M,Unisex,2025-05-14 17:32:24
Crewneck 703,294912000.0,4.25,3,L,Men,2025-05-14 17:32:24
T-shirt 704,621424000.0,4.15,3,XL,Women,2025-05-14 17:32:24
Hoodie 705,304288000.0,3.15,3,XXL,Unisex,2025-05-14 17:32:24
Outerwear 707,774624000.0,4.45,3,M,Women,2025-05-14 17:32:24
Jacket 708,854128000.0,4.35,3,L,Unisex,2025-05-14 17:32:24
Crewneck 709,702240000.0,3.95,3,XL,Men,2025-05-14 17:32:24
T-shirt 710,375152000.0,3.25,3,XXL,Women,2025-05-14 17:32:24
Pants 712,151040000.0,4.15,3,M,Men,2025-05-14 17:32:24
Outerwear 713,314288000.0,4.45,3,L,Women,2025-05-14 17:32:24
Jacket 714,89232000.0,3.15,3,XL,Unisex,2025-05-14 17:32:24
Crewneck 715,702176000.0,3.95,3,XXL,Men,2025-05-14 17:32:24
T-shirt 716,360256000.0,4.95,3,S,Women,2025-05-14 17:32:24
Hoodie 717,153280000.0,3.65,3,M,Unisex,2025-05-14 17:32:24
Pants 718,405712000.0,3.25,3,L,Men,2025-05-14 17:32:24
Outerwear 719,317296000.0,4.75,3,XL,Women,2025-05-14 17:32:24
Jacket 720,202832000.0,3.85,3,XXL,Unisex,2025-05-14 17:32:24
T-shirt 722,872432000.0,3.25,3,M,Women,2025-05-14 17:32:24
Hoodie 723,566480000.0,3.45,3,L,Unisex,2025-05-14 17:32:24
Pants 724,482480000.0,4.75,3,XL,Men,2025-05-14 17:32:24
Outerwear 725,497920000.0,3.05,3,XXL,Women,2025-05-14 17:32:24
Jacket 726,634592000.0,3.55,3,S,Unisex,2025-05-14 17:32:24
Crewneck 727,402400000.0,4.85,3,M,Men,2025-05-14 17:32:24
T-shirt 728,817344000.0,3.05,3,L,Women,2025-05-14 17:32:24
Hoodie 729,643136000.0,3.65,3,XL,Unisex,2025-05-14 17:32:24
Pants 730,722880000.0,4.55,3,XXL,Men,2025-05-14 17:32:24
Jacket 732,659760000.0,3.95,3,M,Unisex,2025-05-14 17:32:24
Crewneck 733,116288000.0,4.75,3,L,Men,2025-05-14 17:32:24
T-shirt 734,685856000.0,4.25,3,XL,Women,2025-05-14 17:32:24
Hoodie 735,466432000.0,4.05,3,XXL,Unisex,2025-05-14 17:32:24
Outerwear 737,101568000.0,4.75,3,M,Women,2025-05-14 17:32:24
Jacket 738,189392000.0,3.75,3,L,Unisex,2025-05-14 17:32:24
Crewneck 739,807296000.0,3.35,3,XL,Men,2025-05-14 17:32:24
T-shirt 740,701664000.0,3.45,3,XXL,Women,2025-05-14 17:32:24
Pants 742,562608000.0,3.65,3,M,Men,2025-05-14 17:32:24
Outerwear 743,567808000.0,3.05,3,L,Women,2025-05-14 17:32:24
Jacket 744,517568000.0,4.15,3,XL,Unisex,2025-05-14 17:32:24
Crewneck 745,288256000.0,3.85,3,XXL,Men,2025-05-14 17:32:24
T-shirt 746,151744000.0,5.05,3,S,Women,2025-05-14 17:32:24
Hoodie 747,632688000.0,4.75,3,M,Unisex,2025-05-14 17:32:24
Pants 748,313408000.0,3.75,3,L,Men,2025-05-14 17:32:24
Outerwear 749,262736000.0,3.25,3,XL,Women,2025-05-14 17:32:24
Jacket 750,103040000.0,3.75,3,XXL,Unisex,2025-05-14 17:32:24
T-shirt 752,743152000.0,3.85,3,M,Women,2025-05-14 17:32:24
Hoodie 753,813760000.0,4.85,3,L,Unisex,2025-05-14 17:32:24
Pants 754,722976000.0,3.15,3,XL,Men,2025-05-14 17:32:24
Outerwear 755,691040000.0,4.65,3,XXL,Women,2025-05-14 17:32:24
Jacket 756,712800000.0,3.15,3,S,Unisex,2025-05-14 17:32:24
Crewneck 757,758272000.0,4.45,3,M,Men,2025-05-14 17:32:24
T-shirt 758,602592000.0,3.15,3,L,Women,2025-05-14 17:32:24
Hoodie 759,277984000.0,4.75,3,XL,Unisex,2025-05-14 17:32:24
Pants 760,219104000.0,4.15,3,XXL,Men,2025-05-14 17:32:24
Jacket 762,409184000.0,4.95,3,M,Unisex,2025-05-14 17:32:24
Crewneck 763,579264000.0,3.95,3,L,Men,2025-05-14 17:32:24
T-shirt 764,721168000.0,3.45,3,XL,Women,2025-05-14 17:32:24
Hoodie 765,134336000.0,4.95,3,XXL,Unisex,2025-05-14 17:32:24
Outerwear 767,415280000.0,4.55,3,M,Women,2025-05-14 17:32:24
Jacket 768,566208000.0,4.95,3,L,Unisex,2025-05-14 17:32:24
Crewneck 769,629456000.0,3.35,3,XL,Men,2025-05-14 17:32:24
T-shirt 770,165504000.0,3.55,3,XXL,Women,2025-05-14 17:32:24
Pants 772,874816000.0,3.45,3,M,Men,2025-05-14 17:32:24
Outerwear 773,339360000.0,3.25,3,L,Women,2025-05-14 17:32:24
Jacket 774,148576000.0,4.15,3,XL,Unisex,2025-05-14 17:32:24
Crewneck 775,818944000.0,3.15,3,XXL,Men,2025-05-14 17:32:24
T-shirt 776,533312000.0,3.75,3,S,Women,2025-05-14 17:32:24
Hoodie 777,610480000.0,3.45,3,M,Unisex,2025-05-14 17:32:24
Pants 778,603472000.0,4.25,3,L,Men,2025-05-14 17:32:24
Outerwear 779,581648000.0,3.25,3,XL,Women,2025-05-14 17:32:24
Jacket 780,276752000.0,3.45,3,XXL,Unisex,2025-05-14 17:32:24
T-shirt 782,411744000.0,4.55,3,M,Women,2025-05-14 17:32:24
Hoodie 783,251072000.0,3.05,3,L,Unisex,2025-05-14 17:32:24
Pants 784,534128000.0,3.05,3,XL,Men,2025-05-14 17:32:24
Outerwear 785,644448000.0,4.35,3,XXL,Women,2025-05-14 17:32:24
Jacket 786,674928000.0,5.05,3,S,Unisex,2025-05-14 17:32:24
Crewneck 787,459360000.0,4.75,3,M,Men,2025-05-14 17:32:24
T-shirt 788,304112000.0,4.75,3,L,Women,2025-05-14 17:32:24
Hoodie 789,215328000.0,4.05,3,XL,Unisex,2025-05-14 17:32:24
Pants 790,170832000.0,3.25,3,XXL,Men,2025-05-14 17:32:24
Jacket 792,406896000.0,3.85,3,M,Unisex,2025-05-14 17:32:24
Crewneck 793,865008000.0,4.05,3,L,Men,2025-05-14 17:32:24
T-shirt 794,598304000.0,4.05,3,XL,Women,2025-05-14 17:32:24
Hoodie 795,420960000.0,3.95,3,XXL,Unisex,2025-05-14 17:32:24
Outerwear 797,277136000.0,4.95,3,M,Women,2025-05-14 17:32:24
Jacket 798,439104000.0,3.45,3,L,Unisex,2025-05-14 17:32:24
Crewneck 799,404880000.0,4.25,3,XL,Men,2025-05-14 17:32:24
T-shirt 800,743328000.0,4.65,3,XXL,Women,2025-05-14 17:32:24
Pants 802,571024000.0,4.45,3,M,Men,2025-05-14 17:32:24
Outerwear 803,187536000.0,4.35,3,L,Women,2025-05-14 17:32:24
Jacket 804,445904000.0,3.95,3,XL,Unisex,2025-05-14 17:32:24
Crewneck 805,326672000.0,4.85,3,XXL,Men,2025-05-14 17:32:24
T-shirt 806,731056000.0,3.05,3,S,Women,2025-05-14 17:32:24
Hoodie 807,501600000.0,4.75,3,M,Unisex,2025-05-14 17:32:24
Pants 808,871776000.0,3.25,3,L,Men,2025-05-14 17:32:24
Outerwear 809,716256000.0,3.75,3,XL,Women,2025-05-14 17:32:24
Jacket 810,379664000.0,4.85,3,XXL,Unisex,2025-05-14 17:32:24
T-shirt 812,640608000.0,4.25,3,M,Women,2025-05-14 17:32:24
Hoodie 813,487280000.0,5.05,3,L,Unisex,2025-05-14 17:32:24
Pants 814,111008000.0,4.75,3,XL,Men,2025-05-14 17:32:24
Outerwear 815,598544000.0,4.85,3,XXL,Women,2025-05-14 17:32:24
Jacket 816,164912000.0,4.55,3,S,Unisex,2025-05-14 17:32:24
Crewneck 817,874416000.0,4.45,3,M,Men,2025-05-14 17:32:24
T-shirt 818,516032000.0,3.85,3,L,Women,2025-05-14 17:32:24
Hoodie 819,474240000.0,4.75,3,XL,Unisex,2025-05-14 17:32:24
Pants 820,603072000.0,3.45,3,XXL,Men,2025-05-14 17:32:24
Jacket 822,83824000.0,4.25,3,M,Unisex,2025-05-14 17:32:24
Crewneck 823,610352000.0,4.75,3,L,Men,2025-05-14 17:32:24
T-shirt 824,330144000.0,4.15,3,XL,Women,2025-05-14 17:32:24
Hoodie 825,105840000.0,3.85,3,XXL,Unisex,2025-05-14 17:32:24
Outerwear 827,709104000.0,4.85,3,M,Women,2025-05-14 17:32:24
Jacket 828,232400000.0,4.65,3,L,Unisex,2025-05-14 17:32:24
Crewneck 829,463040000.0,4.45,3,XL,Men,2025-05-14 17:32:24
T-shirt 830,449648000.0,3.05,3,XXL,Women,2025-05-14 17:32:24
Pants 832,395536000.0,4.65,3,M,Men,2025-05-14 17:32:24
Outerwear 833,710128000.0,3.05,3,L,Women,2025-05-14 17:32:24
Jacket 834,722368000.0,3.15,3,XL,Unisex,2025-05-14 17:32:24
Crewneck 835,714336000.0,3.95,3,XXL,Men,2025-05-14 17:32:24
T-shirt 836,606544000.0,4.15,3,S,Women,2025-05-14 17:32:24
Hoodie 837,553264000.0,5.05,3,M,Unisex,2025-05-14 17:32:24
Pants 838,284880000.0,3.15,3,L,Men,2025-05-14 17:32:24
Outerwear 839,420832000.0,3.95,3,XL,Women,2025-05-14 17:32:24
Jacket 840,816464000.0,3.65,3,XXL,Unisex,2025-05-14 17:32:24
T-shirt 842,285904000.0,3.35,3,M,Women,2025-05-14 17:32:24
Hoodie 843,299712000.0,3.65,3,L,Unisex,2025-05-14 17:32:24
Pants 844,742288000.0,3.95,3,XL,Men,2025-05-14 17:32:24
Outerwear 845,202320000.0,3.25,3,XXL,Women,2025-05-14 17:32:24
Jacket 846,748048000.0,3.65,3,S,Unisex,2025-05-14 17:32:24
Crewneck 847,478992000.0,3.75,3,M,Men,2025-05-14 17:32:24
T-shirt 848,613424000.0,4.15,3,L,Women,2025-05-14 17:32:24
Hoodie 849,781616000.0,3.55,3,XL,Unisex,2025-05-14 17:32:24
Pants 850,414416000.0,4.25,3,XXL,Men,2025-05-14 17:32:24
Jacket 852,277728000.0,4.15,3,M,Unisex,2025-05-14 17:32:24
Crewneck 853,264384000.0,3.45,3,L,Men,2025-05-14 17:32:24
T-shirt 854,160000000.0,4.55,3,XL,Women,2025-05-14 17:32:24
Hoodie 855,324976000.0,5.05,3,XXL,Unisex,2025-05-14 17:32:24
Outerwear 857,453280000.0,3.05,3,M,Women,2025-05-14 17:32:24
Jacket 858,374864000.0,3.75,3,L,Unisex,2025-05-14 17:32:24
Crewneck 859,641856000.0,3.05,3,XL,Men,2025-05-14 17:32:24
T-shirt 860,241936000.0,4.75,3,XXL,Women,2025-05-14 17:32:24
Pants 862,413136000.0,3.35,3,M,Men,2025-05-14 17:32:24
Outerwear 863,107136000.0,4.05,3,L,Women,2025-05-14 17:32:24
Jacket 864,216800000.0,4.55,3,XL,Unisex,2025-05-14 17:32:24
Crewneck 865,680512000.0,3.95,3,XXL,Men,2025-05-14 17:32:24
T-shirt 866,239904000.0,3.25,3,S,Women,2025-05-14 17:32:24
Hoodie 867,130384000.0,3.35,3,M,Unisex,2025-05-14 17:32:24
Pants 868,747376000.0,4.65,3,L,Men,2025-05-14 17:32:24
Outerwear 869,604032000.0,4.55,3,XL,Women,2025-05-14 17:32:24
Jacket 870,639504000.0,3.55,3,XXL,Unisex,2025-05-14 17:32:24
T-shirt 872,134368000.0,4.35,3,M,Women,2025-05-14 17:32:24
Hoodie 873,832160000.0,4.85,3,L,Unisex,2025-05-14 17:32:24
Pants 874,275520000.0,4.45,3,XL,Men,2025-05-14 17:32:24
Outerwear 875,250672000.0,4.65,3,XXL,Women,2025-05-14 17:32:24
Jacket 876,322576000.0,4.65,3,S,Unisex,2025-05-14 17:32:24
Crewneck 877,455264000.0,4.65,3,M,Men,2025-05-14 17:32:24
T-shirt 878,480976000.0,4.75,3,L,Women,2025-05-14 17:32:24
Hoodie 879,102688000.0,3.15,3,XL,Unisex,2025-05-14 17:32:24
Pants 880,649776000.0,4.35,3,XXL,Men,2025-05-14 17:32:24
Jacket 882,642096000.0,3.35,3,M,Unisex,2025-05-14 17:32:24
Crewneck 883,590112000.0,3.65,3,L,Men,2025-05-14 17:32:24
T-shirt 884,741472000.0,4.35,3,XL,Women,2025-05-14 17:32:24
Hoodie 885,476064000.0,3.45,3,XXL,Unisex,2025-05-14 17:32:24
Outerwear 887,780640000.0,3.85,3,M,Women,2025-05-14 17:32:24
Jacket 888,786928000.0,4.25,3,L,Unisex,2025-05-14 17:32:24
Crewneck 889,633392000.0,4.65,3,XL,Men,2025-05-14 17:32:24
T-shirt 890,643904000.0,4.75,3,XXL,Women,2025-05-14 17:32:24
Pants 892,851536000.0,4.45,3,M,Men,2025-05-14 17:32:24
Outerwear 893,267360000.0,3.25,3,L,Women,2025-05-14 17:32:24
Jacket 894,294656000.0,4.85,3,XL,Unisex,2025-05-14 17:32:24
Crewneck 895,112672000.0,4.35,3,XXL,Men,2025-05-14 17:32:24
T-shirt 896,787376000.0,4.95,3,S,Women,2025-05-14 17:32:24
Hoodie 897,607792000.0,3.15,3,M,Unisex,2025-05-14 17:32:24
Pants 898,840864000.0,4.15,3,L,Men,2025-05-14 17:32:24
Outerwear 899,619296000.0,4.85,3,XL,Women,2025-05-14 17:32:24
Jacket 900,721424000.0,3.35,3,XXL,Unisex,2025-05-14 17:32:24
T-shirt 902,316400000.0,3.65,3,M,Women,2025-05-14 17:32:24
Hoodie 903,261792000.0,4.15,3,L,Unisex,2025-05-14 17:32:24
Pants 904,335632000.0,3.95,3,XL,Men,2025-05-14 17:32:24
Outerwear 905,502784000.0,4.95,3,XXL,Women,2025-05-14 17:32:24
Jacket 906,430176000.0,3.95,3,S,Unisex,2025-05-14 17:32:24
Crewneck 907,873264000.0,4.95,3,M,Men,2025-05-14 17:32:24
T-shirt 908,795488000.0,4.25,3,L,Women,2025-05-14 17:32:24
Hoodie 909,838384000.0,3.65,3,XL,Unisex,2025-05-14 17:32:24
Pants 910,239520000.0,4.75,3,XXL,Men,2025-05-14 17:32:24
Jacket 912,785328000.0,4.95,3,M,Unisex,2025-05-14 17:32:24
Crewneck 913,322224000.0,3.55,3,L,Men,2025-05-14 17:32:24
T-shirt 914,579920000.0,4.65,3,XL,Women,2025-05-14 17:32:24
Hoodie 915,264912000.0,4.25,3,XXL,Unisex,2025-05-14 17:32:24
Outerwear 917,606160000.0,4.05,3,M,Women,2025-05-14 17:32:24
Jacket 918,538080000.0,3.35,3,L,Unisex,2025-05-14 17:32:24
Crewneck 919,836400000.0,4.75,3,XL,Men,2025-05-14 17:32:24
T-shirt 920,370608000.0,3.25,3,XXL,Women,2025-05-14 17:32:24
Pants 922,121088000.0,4.45,3,M,Men,2025-05-14 17:32:24
Outerwear 923,243584000.0,3.75,3,L,Women,2025-05-14 17:32:24
Jacket 924,376432000.0,3.85,3,XL,Unisex,2025-05-14 17:32:24
Crewneck 925,790080000.0,4.55,3,XXL,Men,2025-05-14 17:32:24
T-shirt 926,191104000.0,4.65,3,S,Women,2025-05-14 17:32:24
Hoodie 927,770640000.0,3.55,3,M,Unisex,2025-05-14 17:32:24
Pants 928,391168000.0,3.45,3,L,Men,2025-05-14 17:32:24
Outerwear 929,125344000.0,3.35,3,XL,Women,2025-05-14 17:32:24
Jacket 930,174112000.0,4.95,3,XXL,Unisex,2025-05-14 17:32:24
T-shirt 932,593760000.0,4.25,3,M,Women,2025-05-14 17:32:24
Hoodie 933,496080000.0,3.45,3,L,Unisex,2025-05-14 17:32:24
Pants 934,224816000.0,3.65,3,XL,Men,2025-05-14 17:32:24
Outerwear 935,604800000.0,4.15,3,XXL,Women,2025-05-14 17:32:24
Jacket 936,616544000.0,3.15,3,S,Unisex,2025-05-14 17:32:24
Crewneck 937,247536000.0,4.15,3,M,Men,2025-05-14 17:32:24
T-shirt 938,405840000.0,3.65,3,L,Women,2025-05-14 17:32:24
Hoodie 939,446608000.0,4.85,3,XL,Unisex,2025-05-14 17:32:24
Pants 940,577600000.0,3.75,3,XXL,Men,2025-05-14 17:32:24
Jacket 942,797296000.0,3.05,3,M,Unisex,2025-05-14 17:32:24
Crewneck 943,457104000.0,4.45,3,L,Men,2025-05-14 17:32:24
T-shirt 944,157824000.0,4.65,3,XL,Women,2025-05-14 17:32:24
Hoodie 945,210768000.0,4.25,3,XXL,Unisex,2025-05-14 17:32:24
Outerwear 947,707968000.0,4.65,3,M,Women,2025-05-14 17:32:24
Jacket 948,460048000.0,3.95,3,L,Unisex,2025-05-14 17:32:24
Crewneck 949,184432000.0,4.45,3,XL,Men,2025-05-14 17:32:24
T-shirt 950,769168000.0,4.95,3,XXL,Women,2025-05-14 17:32:24
Pants 952,715504000.0,3.75,3,M,Men,2025-05-14 17:32:24
Outerwear 953,842320000.0,3.85,3,L,Women,2025-05-14 17:32:24
Jacket 954,387872000.0,4.15,3,XL,Unisex,2025-05-14 17:32:24
Crewneck 955,700656000.0,4.75,3,XXL,Men,2025-05-14 17:32:24
T-shirt 956,445760000.0,3.15,3,S,Women,2025-05-14 17:32:24
Hoodie 957,402432000.0,4.45,3,M,Unisex,2025-05-14 17:32:24
Pants 958,394624000.0,4.85,3,L,Men,2025-05-14 17:32:24
Outerwear 959,682848000.0,4.65,3,XL,Women,2025-05-14 17:32:24
Jacket 960,584016000.0,4.55,3,XXL,Unisex,2025-05-14 17:32:24
T-shirt 962,288784000.0,4.15,3,M,Women,2025-05-14 17:32:24
Hoodie 963,791616000.0,4.65,3,L,Unisex,2025-05-14 17:32:24
Pants 964,388528000.0,3.35,3,XL,Men,2025-05-14 17:32:24
Outerwear 965,310720000.0,4.55,3,XXL,Women,2025-05-14 17:32:24
Jacket 966,849952000.0,4.95,3,S,Unisex,2025-05-14 17:32:24
Crewneck 967,174400000.0,3.55,3,M,Men,2025-05-14 17:32:24
T-shirt 968,404512000.0,4.45,3,L,Women,2025-05-14 17:32:24
Hoodie 969,423184000.0,3.85,3,XL,Unisex,2025-05-14 17:32:24
Pants 970,95296000.0,4.65,3,XXL,Men,2025-05-14 17:32:24
Jacket 972,727200000.0,4.45,3,M,Unisex,2025-05-14 17:32:24
Crewneck 973,713440000.0,3.95,3,L,Men,2025-05-14 17:32:24
T-shirt 974,476928000.0,3.05,3,XL,Women,2025-05-14 17:32:24
Hoodie 975,481600000.0,3.65,3,XXL,Unisex,2025-05-14 17:32:24
Outerwear 977,335600000.0,3.65,3,M,Women,2025-05-14 17:32:24
Jacket 978,391824000.0,3.65,3,L,Unisex,2025-05-14 17:32:24
Crewneck 979,484848000.0,3.45,3,XL,Men,2025-05-14 17:32:24
T-shirt 980,654400000.0,3.15,3,XXL,Women,2025-05-14 17:32:24
Pants 982,728176000.0,4.95,3,M,Men,2025-05-14 17:32:24
Outerwear 983,576256000.0,3.25,3,L,Women,2025-05-14 17:32:24
Jacket 984,734944000.0,3.85,3,XL,Unisex,2025-05-14 17:32:24
Crewneck 985,623600000.0,4.35,3,XXL,Men,2025-05-14 17:32:24
T-shirt 986,671376000.0,4.55,3,S,Women,2025-05-14 17:32:24
Hoodie 987,400800000.0,4.75,3,M,Unisex,2025-05-14 17:32:24
Pants 988,205424000.0,3.55,3,L,Men,2025-05-14 17:32:24
Outerwear 989,686944000.0,4.25,3,XL,Women,2025-05-14 17:32:24
Jacket 990,332736000.0,4.25,3,XXL,Unisex,2025-05-14 17:32:24
T-shirt 992,484048000.0,4.95,3,M,Women,2025-05-14 17:32:24
Hoodie 993,636192000.0,3.45,3,L,Unisex,2025-05-14 17:32:24
Pants 994,169376000.0,4.45,3,XL,Men,2025-05-14 17:32:24
Outerwear 995,804672000.0,3.25,3,XXL,Women,2025-05-14 17:32:24
Jacket 996,694240000.0,4.35,3,S,Unisex,2025-05-14 17:32:24
Crewneck 997,532128000.0,3.95,3,M,Men,2025-05-14 17:32:24
T-shirt 998,90800000.0,4.25,3,L,Women,2025-05-14 17:32:24
Hoodie 999,853424000.0,4.85,3,XL,Unisex,2025-05-14 17:32:24
Pants 1000,293824000.0,4.75,3,XXL,Men,2025-05-14 17:32:24
